{"dice": 0.9001101074741612, "iou": NaN, "precision": NaN, "recall": NaN, "loss": 0.05099374074293398, "_timestamp": 1717171649.7474337, "_runtime": 4177.930230617523, "_step": 2, "_wandb": {"runtime": 4201}}