{"bce": 0.053621197011061876, "dice": [], "iou": [], "precision": [], "recall": [], "loss": 0.025746857704790425, "_timestamp": 1717755648.0646162, "_runtime": 52938.681893110275, "_step": 57}