{"loss": 0.09822400892153382, "_timestamp": 1717071167.7995157, "_runtime": 96.66296076774597, "_step": 0, "_wandb": {"runtime": 96}}