{"loss": 0.10164287894343337, "_timestamp": 1717075382.4861271, "_runtime": 96.27978920936584, "_step": 0, "_wandb": {"runtime": 146}}