{"dice": 0.8838824293126342, "iou": NaN, "precision": NaN, "recall": NaN, "loss": 0.07289334838313499, "_timestamp": 1717398254.5233576, "_runtime": 1433.5308237075806, "_step": 0, "_wandb": {"runtime": 2751}}