{"bce": 0.06657517970610066, "dice": [], "iou": [], "precision": [], "recall": [], "loss": 0.021725611045688917, "_timestamp": 1717483561.1925642, "_runtime": 76812.94234418869, "_step": 81, "_wandb": {"runtime": 76893}}