{"bce": 0.08747561403303122, "dice": [], "iou": [], "precision": [], "recall": [], "loss": 0.02459792690486225, "_timestamp": 1717702095.5906487, "_runtime": 13186.923271656036, "_step": 99, "_wandb": {"runtime": 13186}}