{"loss": 0.09986401507630945, "_timestamp": 1717073341.2202318, "_runtime": 97.60435771942139, "_step": 0, "_wandb": {"runtime": 97}}